-- MySQL dump 10.13  Distrib 5.5.34, for debian-linux-gnu (i686)
--
-- Host: localhost    Database: TERMINAL_DE_BUSES
-- ------------------------------------------------------
-- Server version	5.5.34-0ubuntu0.13.04.1

/*!40101 SET @OLD_CHARACTER_SET_CLIENT=@@CHARACTER_SET_CLIENT */;
/*!40101 SET @OLD_CHARACTER_SET_RESULTS=@@CHARACTER_SET_RESULTS */;
/*!40101 SET @OLD_COLLATION_CONNECTION=@@COLLATION_CONNECTION */;
/*!40101 SET NAMES utf8 */;
/*!40103 SET @OLD_TIME_ZONE=@@TIME_ZONE */;
/*!40103 SET TIME_ZONE='+00:00' */;
/*!40014 SET @OLD_UNIQUE_CHECKS=@@UNIQUE_CHECKS, UNIQUE_CHECKS=0 */;
/*!40014 SET @OLD_FOREIGN_KEY_CHECKS=@@FOREIGN_KEY_CHECKS, FOREIGN_KEY_CHECKS=0 */;
/*!40101 SET @OLD_SQL_MODE=@@SQL_MODE, SQL_MODE='NO_AUTO_VALUE_ON_ZERO' */;
/*!40111 SET @OLD_SQL_NOTES=@@SQL_NOTES, SQL_NOTES=0 */;

--
-- Table structure for table `BUS`
--

DROP TABLE IF EXISTS `BUS`;
/*!40101 SET @saved_cs_client     = @@character_set_client */;
/*!40101 SET character_set_client = utf8 */;
CREATE TABLE `BUS` (
  `idBUS` int(11) NOT NULL,
  `EMPRESA_idEMPRESA` int(11) NOT NULL,
  `PATENTE` varchar(45) NOT NULL,
  `CAPACIDAD` int(11) NOT NULL,
  PRIMARY KEY (`idBUS`),
  KEY `fk_BUS_EMPRESA1_idx` (`EMPRESA_idEMPRESA`),
  CONSTRAINT `fk_BUS_EMPRESA1` FOREIGN KEY (`EMPRESA_idEMPRESA`) REFERENCES `EMPRESA` (`idEMPRESA`) ON DELETE NO ACTION ON UPDATE CASCADE
) ENGINE=InnoDB DEFAULT CHARSET=utf8;
/*!40101 SET character_set_client = @saved_cs_client */;

--
-- Dumping data for table `BUS`
--

LOCK TABLES `BUS` WRITE;
/*!40000 ALTER TABLE `BUS` DISABLE KEYS */;
INSERT INTO `BUS` VALUES (1,1,'ABCD-09',30),(2,1,'BCDE-10',40),(3,1,'QWER-12',50),(4,1,'ERTR-14',60),(5,1,'TRUV-13',39),(6,2,'WSXE-09',54),(7,2,'CDER-10',40),(8,2,'CVFG-12',50),(9,2,'GRTD-14',60),(10,2,'ERTF-13',30),(11,3,'VVVV-09',40),(12,3,'RTGF-10',44),(13,3,'YHNM-12',43),(14,3,'IOLK-14',50),(15,3,'POLI-13',60),(16,4,'HOLI-09',40),(17,4,'NPTL-10',40),(18,4,'CTNR-12',30),(19,4,'CMRT-14',50),(20,4,'AQSX-13',50),(21,11,'QAZX-09',30),(22,11,'WSXQ-10',44),(23,11,'EDSF-12',42),(24,11,'RFCD-14',60),(25,11,'VGTF-13',45),(26,1,'BGHT-09',45),(27,1,'TGFD-10',44),(28,2,'BNHY-12',55),(29,3,'BVFR-14',58),(30,4,'CFRD-13',40),(31,1,'NMJU-09',50),(32,11,'HYTR-10',50),(33,1,'BGRF-12',50),(34,1,'IOPL-14',60),(35,11,'NHNY-13',60);
/*!40000 ALTER TABLE `BUS` ENABLE KEYS */;
UNLOCK TABLES;

--
-- Table structure for table `COBRO_SERVICIO`
--

DROP TABLE IF EXISTS `COBRO_SERVICIO`;
/*!40101 SET @saved_cs_client     = @@character_set_client */;
/*!40101 SET character_set_client = utf8 */;
CREATE TABLE `COBRO_SERVICIO` (
  `idCOBRO_SERVICIO` int(11) NOT NULL,
  `PAGO_SERVICIO` int(11) NOT NULL,
  `FECHA_SERVICIO` date NOT NULL,
  `EMPRESA_idEMPRESA` int(11) NOT NULL,
  PRIMARY KEY (`idCOBRO_SERVICIO`),
  KEY `fk_COBRO_SERVICIO_EMPRESA1_idx` (`EMPRESA_idEMPRESA`),
  CONSTRAINT `fk_COBRO_SERVICIO_EMPRESA1` FOREIGN KEY (`EMPRESA_idEMPRESA`) REFERENCES `EMPRESA` (`idEMPRESA`) ON DELETE NO ACTION ON UPDATE CASCADE
) ENGINE=InnoDB DEFAULT CHARSET=utf8;
/*!40101 SET character_set_client = @saved_cs_client */;

--
-- Dumping data for table `COBRO_SERVICIO`
--

LOCK TABLES `COBRO_SERVICIO` WRITE;
/*!40000 ALTER TABLE `COBRO_SERVICIO` DISABLE KEYS */;
INSERT INTO `COBRO_SERVICIO` VALUES (1,200000,'2013-10-30',5),(2,250000,'2013-11-30',5),(3,270000,'2013-12-30',6),(4,270000,'2014-01-30',6),(5,300000,'2014-02-28',6),(6,300000,'2014-03-30',7),(7,290000,'2014-04-30',7),(8,250000,'2014-05-30',8),(9,250000,'2014-06-30',8),(10,240000,'2014-07-30',8),(11,205000,'2013-09-30',9),(12,205000,'2013-08-30',9),(13,215000,'2013-07-30',9),(14,215000,'2013-06-30',10),(15,235000,'2013-05-30',10),(16,235000,'2013-04-30',10),(17,225000,'2013-03-30',8),(18,225000,'0000-00-00',8),(19,225000,'2013-01-30',7),(20,325000,'2012-12-30',7),(21,325000,'2012-11-30',7),(22,335000,'2012-10-30',6),(23,135000,'2012-09-30',6),(24,135000,'2012-08-30',6),(25,135000,'2012-07-30',6),(26,165000,'2012-08-30',5),(27,165000,'2012-07-30',5),(28,165000,'2012-06-30',5),(29,365000,'2012-05-30',5),(30,365000,'2012-04-30',7),(31,135000,'2012-07-30',7),(32,135000,'2012-08-30',5),(33,165000,'2012-09-30',5),(34,325000,'2012-11-30',5),(35,365000,'2012-05-30',6),(36,335000,'2012-10-30',8),(37,325000,'2012-12-30',8),(38,225000,'0000-00-00',10),(39,235000,'2013-05-30',10),(40,215000,'2013-07-30',8),(41,215000,'2013-07-30',7),(42,215000,'2013-07-30',5),(43,135000,'2012-07-30',10),(44,335000,'2012-10-30',10),(45,205000,'2013-09-30',6),(46,205000,'2013-09-30',10),(47,235000,'2013-05-30',9),(48,235000,'2013-05-30',5),(49,135000,'2012-07-30',5),(50,205000,'2013-08-30',8);
/*!40000 ALTER TABLE `COBRO_SERVICIO` ENABLE KEYS */;
UNLOCK TABLES;

--
-- Table structure for table `CONTACTO`
--

DROP TABLE IF EXISTS `CONTACTO`;
/*!40101 SET @saved_cs_client     = @@character_set_client */;
/*!40101 SET character_set_client = utf8 */;
CREATE TABLE `CONTACTO` (
  `idCONTACTO` int(11) NOT NULL,
  `REPRESENTANTE_idREPRESENTANTE` int(11) NOT NULL,
  `NUMERO_TELEFONO` varchar(45) NOT NULL,
  `MAIL` varchar(45) NOT NULL,
  PRIMARY KEY (`idCONTACTO`),
  KEY `fk_CONTACTO_REPRESENTANTE1_idx` (`REPRESENTANTE_idREPRESENTANTE`),
  CONSTRAINT `fk_CONTACTO_REPRESENTANTE1` FOREIGN KEY (`REPRESENTANTE_idREPRESENTANTE`) REFERENCES `REPRESENTANTE` (`idREPRESENTANTE`) ON DELETE NO ACTION ON UPDATE CASCADE
) ENGINE=InnoDB DEFAULT CHARSET=utf8;
/*!40101 SET character_set_client = @saved_cs_client */;

--
-- Dumping data for table `CONTACTO`
--

LOCK TABLES `CONTACTO` WRITE;
/*!40000 ALTER TABLE `CONTACTO` DISABLE KEYS */;
INSERT INTO `CONTACTO` VALUES (1,10,'76686280','condor@hotmail.com'),(2,9,'72226330','don_sampa@hotmail.com'),(3,8,'88567966','ivan_luis@hotmail.com'),(4,7,'65544831','peter_rock@hotmail.com'),(5,6,'99453154','cabrochico@hotmail.com'),(6,5,'88853654','rey_arturo@hotmail.com'),(7,4,'86423214','matigol@hotmail.com'),(8,3,'62187315','pitbull@hotmail.com'),(9,2,'64113549','locobielsa@hotmail.com'),(10,1,'62315549','estoyllorando@hotmail.com'),(11,11,'6666666','Mrojassep@hotmail.com');
/*!40000 ALTER TABLE `CONTACTO` ENABLE KEYS */;
UNLOCK TABLES;

--
-- Table structure for table `CONTRATO`
--

DROP TABLE IF EXISTS `CONTRATO`;
/*!40101 SET @saved_cs_client     = @@character_set_client */;
/*!40101 SET character_set_client = utf8 */;
CREATE TABLE `CONTRATO` (
  `idCONTRATO` int(11) NOT NULL,
  `REPRESENTANTE_idREPRESENTANTE` int(11) NOT NULL,
  `FECHA_INICIO` date NOT NULL,
  `FECHA_TERMINO` date NOT NULL,
  `FECHA_PAGOS` int(11) NOT NULL,
  `MONTO_CONTRATO` int(11) NOT NULL,
  PRIMARY KEY (`idCONTRATO`),
  KEY `fk_CONTRATO_REPRESENTANTE1_idx` (`REPRESENTANTE_idREPRESENTANTE`),
  CONSTRAINT `fk_CONTRATO_REPRESENTANTE1` FOREIGN KEY (`REPRESENTANTE_idREPRESENTANTE`) REFERENCES `REPRESENTANTE` (`idREPRESENTANTE`) ON DELETE NO ACTION ON UPDATE CASCADE
) ENGINE=InnoDB DEFAULT CHARSET=utf8;
/*!40101 SET character_set_client = @saved_cs_client */;

--
-- Dumping data for table `CONTRATO`
--

LOCK TABLES `CONTRATO` WRITE;
/*!40000 ALTER TABLE `CONTRATO` DISABLE KEYS */;
INSERT INTO `CONTRATO` VALUES (1,1,'2002-08-23','2016-08-23',30,1000000),(2,3,'2005-03-03','2015-04-23',5,2000000),(3,4,'2009-10-12','2018-09-23',15,1600000),(4,5,'2012-01-12','2016-08-23',30,3000000),(5,2,'2002-02-13','2016-02-14',20,1070000),(6,6,'2006-02-21','2015-03-15',30,2300000),(7,7,'2012-01-29','2014-08-01',1,3400000),(8,9,'2005-08-25','2016-12-31',30,3000000),(9,10,'2012-08-12','2014-12-12',30,3500000),(10,8,'2002-08-23','2017-02-21',5,2300000),(11,11,'2010-08-12','2015-08-12',30,3000000);
/*!40000 ALTER TABLE `CONTRATO` ENABLE KEYS */;
UNLOCK TABLES;

--
-- Table structure for table `EMPRESA`
--

DROP TABLE IF EXISTS `EMPRESA`;
/*!40101 SET @saved_cs_client     = @@character_set_client */;
/*!40101 SET character_set_client = utf8 */;
CREATE TABLE `EMPRESA` (
  `idEMPRESA` int(11) NOT NULL,
  `GIRO_idGIRO` int(11) NOT NULL,
  `NOMBRE_EMPRESA` varchar(45) NOT NULL,
  `RUT_EMPRESA` varchar(45) NOT NULL,
  PRIMARY KEY (`idEMPRESA`),
  KEY `fk_EMPRESA_GIRO1_idx` (`GIRO_idGIRO`),
  CONSTRAINT `fk_EMPRESA_GIRO1` FOREIGN KEY (`GIRO_idGIRO`) REFERENCES `GIRO` (`idGIRO`) ON DELETE NO ACTION ON UPDATE CASCADE
) ENGINE=InnoDB DEFAULT CHARSET=utf8;
/*!40101 SET character_set_client = @saved_cs_client */;

--
-- Dumping data for table `EMPRESA`
--

LOCK TABLES `EMPRESA` WRITE;
/*!40000 ALTER TABLE `EMPRESA` DISABLE KEYS */;
INSERT INTO `EMPRESA` VALUES (1,3,'Buses Condor Rojas','100.989.654-0'),(2,3,'Buses Peter Rock','143.489.334-4'),(3,3,'Transportes Pato Yañez','142.443.444-5'),(4,3,'Transportes Tocopilla Mintindi?','155.543.444-5'),(5,2,'Aseos Jorge Luis Sampaoli','235.433.445-k'),(6,1,'Guardias Tripode','266.453.545-2'),(7,1,'Guardias Rambo','116.113.145-1'),(8,2,'Limpieza Ivan Luis Zaamorano','133.143.143-4'),(9,2,'Limpieza Alessi Sanshe','333.333.343-3'),(10,5,'Restaurant Luiggi','322.223.143-3'),(11,3,'Transportes Arturo Vidal','673.873.383-8');
/*!40000 ALTER TABLE `EMPRESA` ENABLE KEYS */;
UNLOCK TABLES;

--
-- Table structure for table `FLUJO_BUSES`
--

DROP TABLE IF EXISTS `FLUJO_BUSES`;
/*!40101 SET @saved_cs_client     = @@character_set_client */;
/*!40101 SET character_set_client = utf8 */;
CREATE TABLE `FLUJO_BUSES` (
  `HORARIO_idHORARIO` int(11) NOT NULL,
  `BUS_idBUS` int(11) NOT NULL,
  `FECHA_ARRIVO` date NOT NULL,
  PRIMARY KEY (`HORARIO_idHORARIO`,`BUS_idBUS`),
  KEY `fk_HORARIO_has_BUS_BUS1_idx` (`BUS_idBUS`),
  KEY `fk_HORARIO_has_BUS_HORARIO1_idx` (`HORARIO_idHORARIO`),
  CONSTRAINT `fk_HORARIO_has_BUS_BUS1` FOREIGN KEY (`BUS_idBUS`) REFERENCES `BUS` (`idBUS`) ON DELETE NO ACTION ON UPDATE CASCADE,
  CONSTRAINT `fk_HORARIO_has_BUS_HORARIO1` FOREIGN KEY (`HORARIO_idHORARIO`) REFERENCES `HORARIO` (`idHORARIO`) ON DELETE NO ACTION ON UPDATE CASCADE
) ENGINE=InnoDB DEFAULT CHARSET=utf8;
/*!40101 SET character_set_client = @saved_cs_client */;

--
-- Dumping data for table `FLUJO_BUSES`
--

LOCK TABLES `FLUJO_BUSES` WRITE;
/*!40000 ALTER TABLE `FLUJO_BUSES` DISABLE KEYS */;
INSERT INTO `FLUJO_BUSES` VALUES (1,1,'2014-06-01'),(1,2,'2014-06-05'),(1,11,'2014-06-09'),(2,2,'2014-06-01'),(2,3,'2014-06-05'),(2,12,'2014-06-09'),(3,1,'2014-06-05'),(3,3,'2014-06-01'),(3,13,'2014-06-09'),(4,4,'2014-06-01'),(4,6,'2014-06-05'),(4,14,'2014-06-09'),(5,1,'2014-06-05'),(5,5,'2014-06-01'),(5,15,'2014-06-10'),(6,6,'2014-06-01'),(6,7,'2014-06-05'),(6,16,'2014-06-11'),(7,7,'2014-06-01'),(7,8,'2014-06-05'),(7,17,'2014-06-11'),(8,6,'2014-06-05'),(8,8,'2014-06-01'),(8,18,'2014-06-11'),(9,9,'2014-06-01'),(9,10,'2014-06-05'),(9,19,'2014-06-11'),(10,9,'2014-06-06'),(10,10,'2014-06-01'),(10,20,'2014-06-11'),(11,1,'2014-06-10'),(11,11,'2014-06-01'),(11,12,'2014-06-06'),(12,2,'2014-06-10'),(12,11,'2014-06-06'),(12,12,'2014-06-02'),(13,3,'2014-06-10'),(13,13,'2014-06-02'),(13,14,'2014-06-06'),(14,4,'2014-06-10'),(14,13,'2014-06-06'),(14,14,'2014-06-02'),(15,5,'2014-06-10'),(15,15,'2014-06-02'),(15,16,'2014-06-06'),(16,6,'2014-06-12'),(16,15,'2014-06-06'),(16,16,'2014-06-02'),(17,7,'2014-06-12'),(17,17,'2014-06-02'),(17,18,'2014-06-06'),(18,8,'2014-06-12'),(18,17,'2014-06-07'),(18,18,'2014-06-03'),(19,9,'2014-06-12'),(19,17,'2014-06-07'),(19,19,'2014-06-03'),(20,10,'2014-06-12'),(20,20,'2014-06-03'),(20,21,'2014-06-07'),(21,21,'2014-06-03'),(21,22,'2014-06-07'),(21,31,'2014-06-12'),(22,22,'2014-06-03'),(22,23,'2014-06-07'),(22,32,'2014-06-13'),(23,23,'2014-06-03'),(23,24,'2014-06-07'),(23,33,'2014-06-13'),(24,24,'2014-06-03'),(24,25,'2014-06-07'),(24,34,'2014-06-13'),(25,25,'2014-06-03'),(25,26,'2014-06-07'),(25,35,'2014-06-13'),(26,16,'2014-06-13'),(26,26,'2014-06-03'),(26,27,'2014-06-00'),(27,17,'2014-06-14'),(27,27,'2014-06-04'),(27,28,'2014-06-08'),(28,18,'2014-06-14'),(28,28,'2014-06-04'),(28,29,'2014-06-08'),(29,19,'2014-06-14'),(29,20,'2014-06-08'),(29,29,'2014-06-04'),(30,10,'2014-06-14'),(30,30,'2014-06-04'),(30,31,'2014-06-08'),(31,21,'2014-06-14'),(31,31,'2014-06-04'),(31,32,'2014-06-08'),(32,22,'2014-06-14'),(32,32,'2014-06-04'),(32,33,'2014-06-08'),(33,23,'2014-06-14'),(33,33,'2014-06-04'),(33,34,'2014-06-08'),(34,24,'2014-06-14'),(34,34,'2014-06-04'),(34,35,'2014-06-08'),(35,25,'2014-06-14'),(35,30,'2014-06-09'),(35,35,'2014-06-04');
/*!40000 ALTER TABLE `FLUJO_BUSES` ENABLE KEYS */;
UNLOCK TABLES;

--
-- Table structure for table `GIRO`
--

DROP TABLE IF EXISTS `GIRO`;
/*!40101 SET @saved_cs_client     = @@character_set_client */;
/*!40101 SET character_set_client = utf8 */;
CREATE TABLE `GIRO` (
  `idGIRO` int(11) NOT NULL,
  `NOMBRE_GIRO` varchar(45) NOT NULL,
  PRIMARY KEY (`idGIRO`)
) ENGINE=InnoDB DEFAULT CHARSET=utf8;
/*!40101 SET character_set_client = @saved_cs_client */;

--
-- Dumping data for table `GIRO`
--

LOCK TABLES `GIRO` WRITE;
/*!40000 ALTER TABLE `GIRO` DISABLE KEYS */;
INSERT INTO `GIRO` VALUES (1,'Seguridad'),(2,'Aseo'),(3,'Transporte'),(4,'Ventas Varias'),(5,'Restaurant');
/*!40000 ALTER TABLE `GIRO` ENABLE KEYS */;
UNLOCK TABLES;

--
-- Table structure for table `HORARIO`
--

DROP TABLE IF EXISTS `HORARIO`;
/*!40101 SET @saved_cs_client     = @@character_set_client */;
/*!40101 SET character_set_client = utf8 */;
CREATE TABLE `HORARIO` (
  `idHORARIO` int(11) NOT NULL,
  `LOCAL_idLOCAL` int(11) NOT NULL,
  `ENTRADA` time NOT NULL,
  `SALIDA` time NOT NULL,
  PRIMARY KEY (`idHORARIO`),
  KEY `fk_HORARIO_LOCAL1_idx` (`LOCAL_idLOCAL`),
  CONSTRAINT `fk_HORARIO_LOCAL1` FOREIGN KEY (`LOCAL_idLOCAL`) REFERENCES `LOCAL` (`idLOCAL`) ON DELETE NO ACTION ON UPDATE CASCADE
) ENGINE=InnoDB DEFAULT CHARSET=utf8;
/*!40101 SET character_set_client = @saved_cs_client */;

--
-- Dumping data for table `HORARIO`
--

LOCK TABLES `HORARIO` WRITE;
/*!40000 ALTER TABLE `HORARIO` DISABLE KEYS */;
INSERT INTO `HORARIO` VALUES (1,2,'00:10:00','00:20:23'),(2,8,'01:20:00','01:30:32'),(3,9,'02:30:00','03:20:22'),(4,10,'03:40:00','03:50:35'),(5,11,'04:50:00','05:00:55'),(6,27,'05:14:00','05:20:53'),(7,36,'06:15:00','06:20:23'),(8,36,'07:14:00','07:56:12'),(9,2,'08:15:00','08:25:22'),(10,8,'09:50:00','09:57:10'),(11,9,'10:20:00','10:30:12'),(12,10,'01:30:00','01:50:32'),(13,11,'02:11:00','02:20:23'),(14,27,'03:12:00','03:24:44'),(15,35,'04:13:00','04:25:52'),(16,35,'05:14:00','05:23:53'),(17,2,'06:15:00','06:24:43'),(18,8,'07:16:00','07:25:12'),(19,9,'07:17:00','07:40:23'),(20,10,'12:18:00','12:32:33'),(21,27,'11:11:00','11:24:56'),(22,35,'14:20:00','15:41:55'),(23,36,'15:30:00','15:53:43'),(24,2,'18:40:00','18:54:33'),(25,2,'17:50:03','18:10:23'),(26,8,'18:10:04','18:22:23'),(27,10,'18:20:30','18:30:45'),(28,9,'16:12:40','16:20:53'),(29,2,'19:13:40','19:20:34'),(30,9,'20:15:03','20:30:33'),(31,2,'00:16:11','01:20:31'),(32,35,'21:17:23','21:34:30'),(33,36,'22:12:22','22:26:24'),(34,27,'23:15:33','23:25:30'),(35,27,'22:13:33','22:26:23'),(36,35,'21:12:04','21:28:49'),(37,36,'20:12:03','20:29:48'),(38,9,'01:24:02','01:49:20'),(39,10,'02:35:01','02:56:22'),(40,10,'21:31:12','22:53:21');
/*!40000 ALTER TABLE `HORARIO` ENABLE KEYS */;
UNLOCK TABLES;

--
-- Table structure for table `LOCAL`
--

DROP TABLE IF EXISTS `LOCAL`;
/*!40101 SET @saved_cs_client     = @@character_set_client */;
/*!40101 SET character_set_client = utf8 */;
CREATE TABLE `LOCAL` (
  `idLOCAL` int(11) NOT NULL,
  `CONTRATO_idCONTRATO` int(11) DEFAULT NULL,
  `TIPO_idTIPO` int(11) NOT NULL,
  `SECTOR_idSECTOR` int(11) NOT NULL,
  PRIMARY KEY (`idLOCAL`),
  KEY `fk_LOCAL_CONTRATO1_idx` (`CONTRATO_idCONTRATO`),
  KEY `fk_LOCAL_TIPO1_idx` (`TIPO_idTIPO`),
  KEY `fk_LOCAL_SECTOR1_idx` (`SECTOR_idSECTOR`),
  CONSTRAINT `fk_LOCAL_CONTRATO1` FOREIGN KEY (`CONTRATO_idCONTRATO`) REFERENCES `CONTRATO` (`idCONTRATO`) ON DELETE NO ACTION ON UPDATE CASCADE,
  CONSTRAINT `fk_LOCAL_SECTOR1` FOREIGN KEY (`SECTOR_idSECTOR`) REFERENCES `SECTOR` (`idSECTOR`) ON DELETE NO ACTION ON UPDATE CASCADE,
  CONSTRAINT `fk_LOCAL_TIPO1` FOREIGN KEY (`TIPO_idTIPO`) REFERENCES `TIPO` (`idTIPO`) ON DELETE NO ACTION ON UPDATE CASCADE
) ENGINE=InnoDB DEFAULT CHARSET=utf8;
/*!40101 SET character_set_client = @saved_cs_client */;

--
-- Dumping data for table `LOCAL`
--

LOCK TABLES `LOCAL` WRITE;
/*!40000 ALTER TABLE `LOCAL` DISABLE KEYS */;
INSERT INTO `LOCAL` VALUES (1,1,3,1),(2,1,2,2),(3,2,3,3),(4,3,3,1),(5,4,3,2),(6,5,5,3),(7,5,5,1),(8,5,2,2),(9,3,2,3),(10,2,2,1),(11,1,2,2),(12,4,3,3),(13,6,4,1),(14,7,4,2),(15,7,4,3),(16,8,5,1),(17,9,5,2),(18,10,3,3),(19,10,1,1),(20,9,1,2),(21,7,1,3),(22,8,1,1),(23,9,1,2),(24,10,1,3),(25,1,1,1),(26,2,1,2),(27,2,2,3),(28,5,1,1),(29,7,4,2),(30,6,4,3),(31,1,3,1),(32,3,1,2),(33,8,5,3),(34,2,1,1),(35,3,2,2),(36,11,2,3),(37,NULL,2,3);
/*!40000 ALTER TABLE `LOCAL` ENABLE KEYS */;
UNLOCK TABLES;

--
-- Table structure for table `PAGO`
--

DROP TABLE IF EXISTS `PAGO`;
/*!40101 SET @saved_cs_client     = @@character_set_client */;
/*!40101 SET character_set_client = utf8 */;
CREATE TABLE `PAGO` (
  `idPAGO` int(11) NOT NULL,
  `MONTO_PAGO` int(11) NOT NULL,
  `FECHA_PAGO` date NOT NULL,
  `EMPRESA_idEMPRESA` int(11) NOT NULL,
  PRIMARY KEY (`idPAGO`),
  KEY `fk_PAGO_EMPRESA1_idx` (`EMPRESA_idEMPRESA`),
  CONSTRAINT `fk_PAGO_EMPRESA1` FOREIGN KEY (`EMPRESA_idEMPRESA`) REFERENCES `EMPRESA` (`idEMPRESA`) ON DELETE NO ACTION ON UPDATE CASCADE
) ENGINE=InnoDB DEFAULT CHARSET=utf8;
/*!40101 SET character_set_client = @saved_cs_client */;

--
-- Dumping data for table `PAGO`
--

LOCK TABLES `PAGO` WRITE;
/*!40000 ALTER TABLE `PAGO` DISABLE KEYS */;
INSERT INTO `PAGO` VALUES (1,200000,'2013-10-30',1),(2,250000,'2013-11-30',1),(3,270000,'2013-12-30',1),(4,270000,'2014-01-30',1),(5,300000,'0000-00-00',1),(6,300000,'2014-03-30',1),(7,290000,'2014-04-30',2),(8,250000,'2014-05-30',2),(9,250000,'2014-06-30',2),(10,240000,'2014-07-30',2),(11,300000,'2012-04-30',3),(12,300000,'2012-06-30',5),(13,350000,'2012-08-30',1),(14,350000,'2012-10-30',11),(15,400000,'2011-12-30',2),(16,250000,'2011-08-30',3),(17,250000,'2011-06-30',3),(18,280000,'2011-07-30',4),(19,290000,'2010-06-30',4),(20,270000,'2010-05-30',4),(21,320000,'2010-12-30',3),(22,320000,'2011-01-30',3),(23,300000,'0000-00-00',3),(24,310000,'2011-03-30',3),(25,310000,'2011-04-30',3),(26,310000,'2011-04-30',4),(27,310000,'2011-06-30',4),(28,310000,'2011-08-30',4),(29,315000,'2011-10-30',11),(30,315000,'2011-04-30',11),(31,365000,'2011-04-30',3),(32,365000,'2011-07-30',1),(33,265000,'2012-03-30',4),(34,265000,'2012-03-30',1),(35,165000,'2012-07-28',2),(36,365000,'2013-07-28',4),(37,365000,'2014-07-28',2),(38,365000,'2013-05-30',1),(39,365000,'2013-01-30',11),(40,315000,'2013-08-30',2),(41,315000,'2013-07-30',1),(42,335000,'2013-04-30',4),(43,335000,'2013-09-30',4),(44,355000,'2013-10-30',3),(45,355000,'2013-11-30',2),(46,375000,'2013-12-30',1),(47,365000,'2014-01-30',3),(48,360000,'2011-07-28',1),(49,360000,'2011-07-28',11),(50,300000,'2014-03-30',11);
/*!40000 ALTER TABLE `PAGO` ENABLE KEYS */;
UNLOCK TABLES;

--
-- Table structure for table `PROFESION`
--

DROP TABLE IF EXISTS `PROFESION`;
/*!40101 SET @saved_cs_client     = @@character_set_client */;
/*!40101 SET character_set_client = utf8 */;
CREATE TABLE `PROFESION` (
  `idPROFESION` int(11) NOT NULL,
  `NOMBRE_PROFESION` varchar(45) NOT NULL,
  PRIMARY KEY (`idPROFESION`)
) ENGINE=InnoDB DEFAULT CHARSET=utf8;
/*!40101 SET character_set_client = @saved_cs_client */;

--
-- Dumping data for table `PROFESION`
--

LOCK TABLES `PROFESION` WRITE;
/*!40000 ALTER TABLE `PROFESION` DISABLE KEYS */;
INSERT INTO `PROFESION` VALUES (1,'Ing. Bioinformatico'),(2,'Ing. Comercial'),(3,'Administrador'),(4,'Contador Auditor'),(5,'Ing. Civil Industrial');
/*!40000 ALTER TABLE `PROFESION` ENABLE KEYS */;
UNLOCK TABLES;

--
-- Table structure for table `REPRESENTANTE`
--

DROP TABLE IF EXISTS `REPRESENTANTE`;
/*!40101 SET @saved_cs_client     = @@character_set_client */;
/*!40101 SET character_set_client = utf8 */;
CREATE TABLE `REPRESENTANTE` (
  `idREPRESENTANTE` int(11) NOT NULL,
  `EMPRESA_idEMPRESA` int(11) NOT NULL,
  `NOMBRE_REPRESENTANTE` varchar(45) NOT NULL,
  `APELLIDOS_REPRESENTANTE` varchar(45) NOT NULL,
  `RUT_REPRESENTANTE` varchar(45) NOT NULL,
  PRIMARY KEY (`idREPRESENTANTE`),
  KEY `fk_REPRESENTANTE_EMPRESA1_idx` (`EMPRESA_idEMPRESA`),
  CONSTRAINT `fk_REPRESENTANTE_EMPRESA1` FOREIGN KEY (`EMPRESA_idEMPRESA`) REFERENCES `EMPRESA` (`idEMPRESA`) ON DELETE NO ACTION ON UPDATE CASCADE
) ENGINE=InnoDB DEFAULT CHARSET=utf8;
/*!40101 SET character_set_client = @saved_cs_client */;

--
-- Dumping data for table `REPRESENTANTE`
--

LOCK TABLES `REPRESENTANTE` WRITE;
/*!40000 ALTER TABLE `REPRESENTANTE` DISABLE KEYS */;
INSERT INTO `REPRESENTANTE` VALUES (1,1,'Condor','Rojas Rojas','18.456.874-0'),(2,2,'Jorge','Sampaoli Moya','15.346.544-0'),(3,3,'Ivan','Zamorano Zamora','12.436.234-3'),(4,4,'Peter','Rock Cepeda','14.236.223-3'),(5,5,'Alexis','Sanchez Vidal','15.346.253-6'),(6,6,'Arturo','Vidal Sanchez','17.676.253-0'),(7,7,'Matias','Fernandez Moya','18.886.283-8'),(8,8,'Gary','Medel Medel','15.586.553-5'),(9,9,'Marcelo','Bielsa Bonini','16.455.453-7'),(10,10,'Marta','Rojas Sepulveda','10.125.553-7'),(11,11,'Pedro','Carcuro Solabarrieta','18.355.333-6');
/*!40000 ALTER TABLE `REPRESENTANTE` ENABLE KEYS */;
UNLOCK TABLES;

--
-- Table structure for table `REPRESENTANTE_PROFESIONAL`
--

DROP TABLE IF EXISTS `REPRESENTANTE_PROFESIONAL`;
/*!40101 SET @saved_cs_client     = @@character_set_client */;
/*!40101 SET character_set_client = utf8 */;
CREATE TABLE `REPRESENTANTE_PROFESIONAL` (
  `PROFESION_idPROFESION` int(11) NOT NULL,
  `REPRESENTANTE_idREPRESENTANTE` int(11) NOT NULL,
  PRIMARY KEY (`PROFESION_idPROFESION`,`REPRESENTANTE_idREPRESENTANTE`),
  KEY `fk_PROFESION_has_REPRESENTANTE_REPRESENTANTE1_idx` (`REPRESENTANTE_idREPRESENTANTE`),
  KEY `fk_PROFESION_has_REPRESENTANTE_PROFESION1_idx` (`PROFESION_idPROFESION`),
  CONSTRAINT `fk_PROFESION_has_REPRESENTANTE_PROFESION1` FOREIGN KEY (`PROFESION_idPROFESION`) REFERENCES `PROFESION` (`idPROFESION`) ON DELETE NO ACTION ON UPDATE CASCADE,
  CONSTRAINT `fk_PROFESION_has_REPRESENTANTE_REPRESENTANTE1` FOREIGN KEY (`REPRESENTANTE_idREPRESENTANTE`) REFERENCES `REPRESENTANTE` (`idREPRESENTANTE`) ON DELETE NO ACTION ON UPDATE CASCADE
) ENGINE=InnoDB DEFAULT CHARSET=utf8;
/*!40101 SET character_set_client = @saved_cs_client */;

--
-- Dumping data for table `REPRESENTANTE_PROFESIONAL`
--

LOCK TABLES `REPRESENTANTE_PROFESIONAL` WRITE;
/*!40000 ALTER TABLE `REPRESENTANTE_PROFESIONAL` DISABLE KEYS */;
INSERT INTO `REPRESENTANTE_PROFESIONAL` VALUES (1,1),(2,2),(3,3),(4,4),(5,5),(1,6),(2,7),(2,8),(5,9),(5,10),(1,11);
/*!40000 ALTER TABLE `REPRESENTANTE_PROFESIONAL` ENABLE KEYS */;
UNLOCK TABLES;

--
-- Table structure for table `SECTOR`
--

DROP TABLE IF EXISTS `SECTOR`;
/*!40101 SET @saved_cs_client     = @@character_set_client */;
/*!40101 SET character_set_client = utf8 */;
CREATE TABLE `SECTOR` (
  `idSECTOR` int(11) NOT NULL,
  `NOMBRE_SECTOR` varchar(45) NOT NULL,
  PRIMARY KEY (`idSECTOR`)
) ENGINE=InnoDB DEFAULT CHARSET=utf8;
/*!40101 SET character_set_client = @saved_cs_client */;

--
-- Dumping data for table `SECTOR`
--

LOCK TABLES `SECTOR` WRITE;
/*!40000 ALTER TABLE `SECTOR` DISABLE KEYS */;
INSERT INTO `SECTOR` VALUES (1,'Sector Norte'),(2,'Sector Centro'),(3,'Sector Sur');
/*!40000 ALTER TABLE `SECTOR` ENABLE KEYS */;
UNLOCK TABLES;

--
-- Table structure for table `TIPO`
--

DROP TABLE IF EXISTS `TIPO`;
/*!40101 SET @saved_cs_client     = @@character_set_client */;
/*!40101 SET character_set_client = utf8 */;
CREATE TABLE `TIPO` (
  `idTIPO` int(11) NOT NULL,
  `TIPO_LOCAL` varchar(45) NOT NULL,
  PRIMARY KEY (`idTIPO`)
) ENGINE=InnoDB DEFAULT CHARSET=utf8;
/*!40101 SET character_set_client = @saved_cs_client */;

--
-- Dumping data for table `TIPO`
--

LOCK TABLES `TIPO` WRITE;
/*!40000 ALTER TABLE `TIPO` DISABLE KEYS */;
INSERT INTO `TIPO` VALUES (1,'Local Comercial'),(2,'Anden'),(3,'Cabina Ventas'),(4,'Cabina Guardia'),(5,'Banos');
/*!40000 ALTER TABLE `TIPO` ENABLE KEYS */;
UNLOCK TABLES;
/*!40103 SET TIME_ZONE=@OLD_TIME_ZONE */;

/*!40101 SET SQL_MODE=@OLD_SQL_MODE */;
/*!40014 SET FOREIGN_KEY_CHECKS=@OLD_FOREIGN_KEY_CHECKS */;
/*!40014 SET UNIQUE_CHECKS=@OLD_UNIQUE_CHECKS */;
/*!40101 SET CHARACTER_SET_CLIENT=@OLD_CHARACTER_SET_CLIENT */;
/*!40101 SET CHARACTER_SET_RESULTS=@OLD_CHARACTER_SET_RESULTS */;
/*!40101 SET COLLATION_CONNECTION=@OLD_COLLATION_CONNECTION */;
/*!40111 SET SQL_NOTES=@OLD_SQL_NOTES */;

-- Dump completed on 2014-06-28 18:20:18
